PMID,year,type,num_citations,num_authors,authors,institutions,c04_referencelist,subfield,field,domain,sustainable_development_goals,keyword_analysis,collaborative_index,license,journal_impact_factor,citations_geographical,page_count,publisher,apc_paid,open_access_status,Novelty
37523661,2017,article,187,3,"['Barbara Neumann', 'Konrad Ott', 'Richard Kenchington']","['Kiel University', 'Kiel University', 'University of Wollongong']","[{'item': 37035628}, {'item': 25334933}, {'item': 90877681}, {'item': 87812521}, {'item': 34392614}, {'item': 98292572}, {'item': 67234933}, {'item': 43580463}, {'item': 6992740}, {'item': 70044020}, {'item': 54132964}, {'item': 66566100}, {'item': 21402530}, {'item': 38470172}, {'item': 26542188}, {'item': 9849993}, {'item': 14822612}, {'item': 80259849}, {'item': 64425525}, {'item': 89505968}, {'item': 98987087}, {'item': 65223455}, {'item': 79315828}, {'item': 2375496}, {'item': 58697268}, {'item': 99931325}, {'item': 11975238}, {'item': 94359808}, {'item': 26569250}, {'item': 73806224}, {'item': 41908698}, {'item': 89290964}, {'item': 24371335}, {'item': 26264116}, {'item': 66128870}, {'item': 28712101}, {'item': 74644934}, {'item': 15647742}, {'item': 63177716}, {'item': 196292}, {'item': 79764715}, {'item': 75163631}, {'item': 50992703}, {'item': 88315251}, {'item': 12825670}, {'item': 57426317}, {'item': 2882682}, {'item': 78380686}, {'item': 46160467}, {'item': 69312416}, {'item': 34267737}, {'item': 69727980}, {'item': 17264176}, {'item': 28317117}, {'item': 1903230}, {'item': 32380278}, {'item': 15449725}, {'item': 44624225}, {'item': 41086501}, {'item': 57985250}, {'item': 80680077}, {'item': 32911400}, {'item': 91866289}, {'item': 8979645}, {'item': 82610165}, {'item': 70187654}, {'item': 26342550}, {'item': 82027400}, {'item': 82016356}, {'item': 36107303}, {'item': 94356169}, {'item': 74820218}, {'item': 94979213}, {'item': 43749935}, {'item': 71043367}, {'item': 58478660}, {'item': 26305404}, {'item': 59399404}, {'item': 90184569}, {'item': 32327019}, {'item': 47690721}, {'item': 86116098}, {'item': 39822096}, {'item': 10166345}, {'item': 689541}, {'item': 16639336}, {'item': 33638037}, {'item': 5879121}, {'item': 69574177}, {'item': 51437210}, {'item': 86136098}, {'item': 48390990}, {'item': 22521375}, {'item': 57156320}, {'item': 93324353}, {'item': 12853699}, {'item': 58512455}, {'item': 44446072}, {'item': 86420888}, {'item': 1566376}, {'item': 10114828}, {'item': 58997243}, {'item': 8105015}, {'item': 98761353}, {'item': 95068083}, {'item': 70647256}, {'item': 2271144}, {'item': 96136749}, {'item': 90533979}, {'item': 90926565}, {'item': 10109365}, {'item': 97815479}, {'item': 28631755}, {'item': 95738409}, {'item': 72776687}, {'item': 71602409}, {'item': 66985665}, {'item': 62666313}, {'item': 27088861}]",Sustainability,Sustainable development,Environmental resource management,[],Missing,Missing,Missing,Missing,Missing,Missing,Missing,"{'value': 2690, 'currency': 'EUR', 'value_usd': 3390, 'provenance': 'doaj'}",Missing,-0.023984687656919326
81255985,2017,article,139,2,"['Mara Ntona', 'Elisa Morgera']","['University of Strathclyde', 'University of Strathclyde']","[{'item': 41014712}, {'item': 25334933}, {'item': 1468295}, {'item': 6382921}, {'item': 50229902}, {'item': 71429331}, {'item': 59813624}, {'item': 32320241}, {'item': 83614187}, {'item': 31426233}, {'item': 1520842}, {'item': 94083451}, {'item': 83336250}, {'item': 80160745}, {'item': 48029331}, {'item': 36780479}, {'item': 34885105}, {'item': 72342106}, {'item': 72948276}, {'item': 26950170}, {'item': 134691}, {'item': 15077206}, {'item': 52536350}, {'item': 49907175}, {'item': 42340571}, {'item': 45013006}, {'item': 39554460}, {'item': 44913359}, {'item': 41086501}, {'item': 99594601}, {'item': 49958192}, {'item': 25679465}, {'item': 86062728}, {'item': 76131610}, {'item': 65947960}, {'item': 4172709}, {'item': 62402908}, {'item': 60064749}, {'item': 97582377}, {'item': 69753329}, {'item': 19380871}, {'item': 35722723}, {'item': 11189063}, {'item': 47795724}, {'item': 3667009}, {'item': 58478660}, {'item': 76017328}, {'item': 43462199}, {'item': 28387159}, {'item': 80567128}, {'item': 82391776}, {'item': 11277871}, {'item': 66434952}, {'item': 80437577}, {'item': 55141911}, {'item': 18062027}, {'item': 48779301}, {'item': 44570878}, {'item': 48390990}, {'item': 85993019}, {'item': 17009164}, {'item': 24391835}, {'item': 83182257}, {'item': 96678884}, {'item': 25451105}, {'item': 57156320}, {'item': 550020}, {'item': 29396949}, {'item': 82460970}, {'item': 20436218}, {'item': 12537213}, {'item': 74942321}, {'item': 37896719}, {'item': 56324330}, {'item': 74641033}, {'item': 78543001}, {'item': 99546778}, {'item': 90149942}, {'item': 76226125}, {'item': 36857663}, {'item': 26009533}]",Convention on Biological Diversity,Ecosystem services,Sustainable development,[],Missing,Missing,Missing,Missing,Missing,Missing,Missing,"{'value': 1402, 'currency': 'EUR', 'value_usd': 1512, 'provenance': 'openapc'}",Missing,0.27965668618890327
51714330,2017,article,106,2,"['Roland Cormier', 'Michael Elliott']","['Helmholtz-Zentrum Hereon', 'University of Hull']","[{'item': 55594735}, {'item': 38182521}, {'item': 74969724}, {'item': 97108734}, {'item': 17468261}, {'item': 42102428}, {'item': 49538370}, {'item': 64946479}, {'item': 14676349}, {'item': 10743588}, {'item': 49209955}, {'item': 636725}, {'item': 57587573}, {'item': 13317217}, {'item': 3667009}, {'item': 27400497}, {'item': 91065326}, {'item': 51000614}, {'item': 98677272}, {'item': 51887370}, {'item': 15354923}, {'item': 97295335}, {'item': 33270802}, {'item': 94748082}, {'item': 7511767}, {'item': 36600695}]",Rigour,Performance indicator,Sustainability,[],Missing,Missing,Missing,Missing,Missing,Missing,Missing,,Missing,-3.127602286851847
55809147,2017,article,3,2,"['Joel Atkinson', 'Luisa Cools']","['Hankuk University of Foreign Studies', 'RMIT University', 'Hankuk University of Foreign Studies', 'RMIT University']","[{'item': 43835970}, {'item': 48831658}, {'item': 49409306}, {'item': 24732498}, {'item': 17861}, {'item': 72604623}, {'item': 11553327}, {'item': 39518423}, {'item': 57284792}, {'item': 97658172}, {'item': 21066137}, {'item': 93641874}, {'item': 54624848}, {'item': 2690701}, {'item': 70996789}, {'item': 16195792}, {'item': 20993970}, {'item': 20914020}, {'item': 44905493}, {'item': 60710317}, {'item': 89652410}, {'item': 95416642}, {'item': 58309249}, {'item': 10222932}, {'item': 94623968}, {'item': 53119508}, {'item': 80270324}, {'item': 98580579}, {'item': 54561740}, {'item': 96278184}, {'item': 31807738}, {'item': 27794065}, {'item': 12904078}, {'item': 67743629}, {'item': 95663894}, {'item': 18975374}, {'item': 95535499}, {'item': 12987656}, {'item': 42112136}, {'item': 88600531}, {'item': 43749935}, {'item': 97905156}, {'item': 36593499}, {'item': 90683251}, {'item': 16832753}, {'item': 88455571}, {'item': 4317889}, {'item': 97502358}, {'item': 96479448}, {'item': 16024292}, {'item': 29006117}, {'item': 93704054}, {'item': 58344758}, {'item': 85250523}, {'item': 14060424}, {'item': 94864849}, {'item': 56333414}]",Sustainability,Sustainable development,Millennium Development Goals,[],Missing,Missing,Missing,Missing,Missing,Missing,Missing,,Missing,-1.5146505551179503
94873571,2017,article,3,2,"['Elisa Morgera', 'Mara Ntona']","['University of Strathclyde', 'University of Strathclyde']","[{'item': 25334933}, {'item': 1468295}, {'item': 71429331}, {'item': 59813624}, {'item': 83614187}, {'item': 31426233}, {'item': 1520842}, {'item': 94083451}, {'item': 83336250}, {'item': 48029331}, {'item': 36780479}, {'item': 72342106}, {'item': 72948276}, {'item': 26950170}, {'item': 134691}, {'item': 15077206}, {'item': 52536350}, {'item': 49907175}, {'item': 45013006}, {'item': 39554460}, {'item': 44913359}, {'item': 41086501}, {'item': 99594601}, {'item': 49958192}, {'item': 25679465}, {'item': 86062728}, {'item': 76131610}, {'item': 65947960}, {'item': 62402908}, {'item': 97582377}, {'item': 35722723}, {'item': 11189063}, {'item': 3667009}, {'item': 58478660}, {'item': 43462199}, {'item': 11277871}, {'item': 66434952}, {'item': 55141911}, {'item': 18062027}, {'item': 48779301}, {'item': 44570878}, {'item': 85993019}, {'item': 17009164}, {'item': 24391835}, {'item': 83182257}, {'item': 57156320}, {'item': 550020}, {'item': 82460970}, {'item': 20436218}, {'item': 37896719}, {'item': 56324330}, {'item': 66085723}, {'item': 74641033}, {'item': 99546778}, {'item': 72828230}, {'item': 90149942}, {'item': 55201423}, {'item': 70966668}, {'item': 95754037}, {'item': 15710342}, {'item': 33579464}, {'item': 95541930}, {'item': 91194129}, {'item': 50831438}, {'item': 57957623}]",Sustainable development,Convention on Biological Diversity,Sustainability,[],Missing,Missing,Missing,Missing,Missing,Missing,Missing,,Missing,0.16187365053251984
68577684,2018,article,139,1,['Laura Recuero Virto'],"[""Muséum national d'Histoire naturelle"", ""Ministère de l'Europe et des Affaires étrangères""]","[{'item': 74890297}, {'item': 17940522}, {'item': 6313857}, {'item': 11358620}, {'item': 47047660}, {'item': 7555149}, {'item': 59969324}, {'item': 35347603}, {'item': 49907175}, {'item': 78380686}, {'item': 49032217}, {'item': 34354282}, {'item': 77250135}, {'item': 16792665}, {'item': 75353336}, {'item': 9045876}, {'item': 80750056}, {'item': 6332488}, {'item': 36765186}, {'item': 64248621}, {'item': 62553208}, {'item': 28387159}, {'item': 98677272}, {'item': 48390990}, {'item': 19474798}, {'item': 97054189}, {'item': 37523661}, {'item': 39471322}, {'item': 62837837}, {'item': 22127766}, {'item': 71097716}, {'item': 33968230}, {'item': 23995866}]",Sustainable development,Sustainability,Context (archaeology),[],Missing,Missing,Missing,Missing,Missing,Missing,Missing,,Missing,-0.39367715235612216
12550866,2018,article,39,4,"['Zhu Mao', 'Xiongzhi Xue', 'Tian Hai-yan', 'Adi Uchenna Michael']","['Fujian Institute of Oceanography', 'Xiamen University', 'Fujian Institute of Oceanography', 'Xiamen University', 'Fujian Institute of Oceanography', 'Xiamen University', 'Xiamen University', 'Fujian Institute of Oceanography']","[{'item': 11352577}, {'item': 83188436}, {'item': 1956121}, {'item': 63606010}, {'item': 21035825}, {'item': 31741103}, {'item': 12189318}, {'item': 60469676}, {'item': 62409350}, {'item': 51420298}, {'item': 51947329}, {'item': 78460223}, {'item': 3009835}, {'item': 44336124}, {'item': 14442714}, {'item': 86158836}, {'item': 48077155}, {'item': 64958346}, {'item': 96147391}, {'item': 45826392}, {'item': 30182368}, {'item': 97258463}, {'item': 83516468}, {'item': 16516371}, {'item': 56834286}, {'item': 52239011}, {'item': 36583186}, {'item': 77047944}, {'item': 1655514}, {'item': 76879765}, {'item': 94349362}, {'item': 55136952}, {'item': 71105232}, {'item': 82090093}, {'item': 62789314}, {'item': 63715401}, {'item': 92547702}, {'item': 77452439}, {'item': 46718959}, {'item': 92937441}, {'item': 31861911}, {'item': 24923083}, {'item': 28735252}, {'item': 63286460}, {'item': 80422574}]",China,Context (archaeology),Work (physics),[],Missing,Missing,Missing,Missing,Missing,Missing,Missing,,Missing,0.24323030988094713
57208379,2019,book-chapter,22,6,"['Daniel A. Friess', 'Toe Aung', 'Mark Huxham', 'Catherine E. Lovelock', 'Nibedita Mukherjee', 'Sigit D. Sasmito']",[],"[{'item': 78539472}, {'item': 99043328}, {'item': 8185232}, {'item': 99791875}, {'item': 92790020}, {'item': 17513621}, {'item': 82651369}, {'item': 96416569}, {'item': 89505968}, {'item': 22957695}, {'item': 98987087}, {'item': 11055697}, {'item': 47545028}, {'item': 56425153}, {'item': 65008569}, {'item': 55864833}, {'item': 79315828}, {'item': 87390065}, {'item': 60469938}, {'item': 9721237}, {'item': 9560576}, {'item': 66861624}, {'item': 52397843}, {'item': 58471429}, {'item': 85151258}, {'item': 85394393}, {'item': 30416980}, {'item': 46736719}, {'item': 79961175}, {'item': 5223721}, {'item': 45652281}, {'item': 91072852}, {'item': 3577329}, {'item': 42537243}, {'item': 98954577}, {'item': 49806489}, {'item': 80218820}, {'item': 85484817}, {'item': 35790830}, {'item': 11269352}, {'item': 8463888}, {'item': 38569762}, {'item': 68149021}, {'item': 83830186}, {'item': 36674232}, {'item': 94057180}, {'item': 37931726}, {'item': 62445685}, {'item': 48336040}, {'item': 24607267}, {'item': 27440878}, {'item': 53772285}, {'item': 89595642}, {'item': 66358291}, {'item': 58275849}, {'item': 85442591}, {'item': 12760704}, {'item': 10166345}, {'item': 70155667}, {'item': 77332943}, {'item': 62665175}, {'item': 42040186}, {'item': 7719851}, {'item': 83182257}, {'item': 93798543}, {'item': 32426527}, {'item': 47581190}, {'item': 23160001}, {'item': 91595819}, {'item': 70454915}, {'item': 15312378}, {'item': 57790599}, {'item': 43498051}, {'item': 92088761}]",Mangrove,Geography,Environmental science,"[{'display_name': 'Life below water', 'score': 0.57, 'id': 'https://metadata.un.org/sdg/14'}]",Missing,Missing,Missing,Missing,Missing,Missing,Missing,,Missing,0.6539553374338039
83521104,2019,book-chapter,10,2,"['Erika Techera', 'Krishnee Appadoo']","['University of Western Australia', 'University of Mauritius']","[{'item': 10366589}, {'item': 76890191}, {'item': 90547811}, {'item': 67140671}, {'item': 13457029}, {'item': 49065931}, {'item': 59929108}, {'item': 68666491}, {'item': 44310927}, {'item': 7384451}, {'item': 71097716}]",Indian ocean,Oceanography,Geography,[],Missing,Missing,Missing,Missing,Missing,Missing,Missing,,Missing,-3.321793358874887
63373576,2019,book-chapter,9,1,['Elisa Palomino'],['University of the Arts London'],"[{'item': 25387087}, {'item': 42621469}, {'item': 82277800}, {'item': 21196926}, {'item': 46754486}, {'item': 58890026}]",Dispose pattern,Sustainability,Fish <Actinopterygii>,"[{'display_name': 'Responsible consumption and production', 'score': 0.48, 'id': 'https://metadata.un.org/sdg/12'}]",Missing,Missing,Missing,Missing,Missing,Missing,Missing,,Missing,-4.7080877199947775
67607598,2020,article,51,1,['Osman Gülseven'],['Skyline University College'],"[{'item': 65196564}, {'item': 28607197}, {'item': 55699562}, {'item': 89383696}, {'item': 16195792}, {'item': 93370889}, {'item': 96981274}, {'item': 59929108}, {'item': 26995021}, {'item': 84399076}, {'item': 7058308}, {'item': 13775924}, {'item': 81255985}, {'item': 80171678}, {'item': 55170735}, {'item': 22521375}, {'item': 22199724}, {'item': 65560158}, {'item': 3933507}, {'item': 3811994}, {'item': 5650691}, {'item': 64816153}, {'item': 22596720}, {'item': 1983976}, {'item': 91571072}, {'item': 44907975}, {'item': 57931692}, {'item': 98037742}, {'item': 53933391}, {'item': 26813857}, {'item': 91046467}, {'item': 66823935}, {'item': 96439091}, {'item': 39243140}]",Sustainable development,Index (typography),Environmental planning,[],Missing,Missing,Missing,Missing,Missing,Missing,Missing,,Missing,-3.903242605182541
96703984,2020,article,27,1,['Chris Armstrong'],['University of Southampton'],"[{'item': 50328437}, {'item': 96424140}, {'item': 63828951}, {'item': 59192864}, {'item': 47536594}, {'item': 66121911}, {'item': 95824504}, {'item': 66968549}, {'item': 15300665}, {'item': 3667009}, {'item': 20958964}, {'item': 48390990}, {'item': 25451105}, {'item': 49561158}, {'item': 51714330}, {'item': 43870611}, {'item': 30801233}, {'item': 33201171}, {'item': 1055564}, {'item': 47121946}, {'item': 67791758}, {'item': 5469539}, {'item': 19444754}, {'item': 46875693}, {'item': 87782333}, {'item': 85920399}, {'item': 50831438}, {'item': 31352274}, {'item': 62920565}, {'item': 48123815}]",Sustainability,Context (archaeology),Economic Justice,[],Missing,Missing,Missing,Missing,Missing,Missing,Missing,,Missing,-4.161666068142553
50045884,2020,article,0,0,[],[],"[{'item': 9778755}, {'item': 75051343}, {'item': 56819342}]",Microplastics,Marine debris,Plastic pollution,[],Missing,Missing,Missing,Missing,Missing,Missing,Missing,,Missing,-9.509963366995612
84661057,2020,book-chapter,0,1,['Maarten Bavinck'],[],"[{'item': 50330894}, {'item': 19510031}, {'item': 69262247}, {'item': 71720369}, {'item': 93392186}, {'item': 80239099}, {'item': 45928788}, {'item': 56601050}, {'item': 48227162}, {'item': 74890297}, {'item': 86311442}, {'item': 62062578}, {'item': 47216967}, {'item': 90797684}, {'item': 57781192}, {'item': 43469865}, {'item': 58791378}, {'item': 28098045}, {'item': 19178116}, {'item': 98558803}, {'item': 16019426}, {'item': 50349547}, {'item': 37839201}, {'item': 93924058}, {'item': 58751697}, {'item': 72943301}, {'item': 46569317}, {'item': 6204229}, {'item': 52104690}, {'item': 92977626}, {'item': 41041825}, {'item': 71295827}, {'item': 35482141}, {'item': 41284921}, {'item': 98180786}, {'item': 22882810}, {'item': 42619301}, {'item': 13338059}, {'item': 13572387}, {'item': 49098360}, {'item': 55009379}, {'item': 33237693}, {'item': 5256468}, {'item': 88162191}, {'item': 24791483}, {'item': 54229831}, {'item': 94693882}, {'item': 93534380}, {'item': 34756872}, {'item': 13705793}, {'item': 73719971}, {'item': 98187088}, {'item': 22462286}, {'item': 76623609}, {'item': 34918048}, {'item': 60941314}, {'item': 90252210}, {'item': 13992763}, {'item': 47870947}, {'item': 88290604}, {'item': 78543727}, {'item': 76086751}, {'item': 56400642}, {'item': 3409324}, {'item': 88138596}, {'item': 78248247}, {'item': 38339666}, {'item': 91302089}, {'item': 18878916}, {'item': 66356055}, {'item': 48194173}, {'item': 54239396}, {'item': 3333142}, {'item': 40164731}, {'item': 85229690}, {'item': 42257258}, {'item': 59589483}, {'item': 34488186}, {'item': 72531731}, {'item': 51575627}, {'item': 37790612}, {'item': 8640822}, {'item': 90136727}, {'item': 15283661}, {'item': 12644501}, {'item': 77250135}, {'item': 24672514}, {'item': 15546778}, {'item': 93928365}, {'item': 80257514}, {'item': 56584241}, {'item': 32901091}, {'item': 44438220}, {'item': 58850810}, {'item': 9038835}, {'item': 64830303}, {'item': 97083605}, {'item': 79035350}, {'item': 18919611}, {'item': 17288682}, {'item': 95458970}, {'item': 86486436}, {'item': 14350078}, {'item': 36432281}, {'item': 27021841}, {'item': 62367643}, {'item': 56356464}, {'item': 22432053}, {'item': 45809907}, {'item': 6708728}, {'item': 64526023}, {'item': 55941856}, {'item': 98731996}, {'item': 12266876}, {'item': 23139618}, {'item': 54343644}, {'item': 2204705}, {'item': 91324005}, {'item': 61155593}, {'item': 87606387}, {'item': 93109584}, {'item': 93441632}, {'item': 5190127}, {'item': 17228385}, {'item': 48498484}, {'item': 77346421}, {'item': 66263698}, {'item': 77356638}, {'item': 73844080}, {'item': 87766642}, {'item': 73722101}, {'item': 86695949}, {'item': 16057394}, {'item': 71808772}, {'item': 42844827}, {'item': 60067335}, {'item': 98081099}, {'item': 84262185}, {'item': 58478660}, {'item': 9410497}, {'item': 68759678}, {'item': 94051670}, {'item': 85810062}, {'item': 9851177}, {'item': 73442393}, {'item': 22810199}, {'item': 3625476}, {'item': 72356385}, {'item': 17117256}, {'item': 93765361}, {'item': 31326875}, {'item': 88497731}, {'item': 97592353}, {'item': 76647690}, {'item': 34520116}, {'item': 77891666}, {'item': 21394082}, {'item': 63813111}, {'item': 33073724}, {'item': 66276687}, {'item': 88831667}, {'item': 42946887}, {'item': 96642600}, {'item': 98645951}, {'item': 68724749}, {'item': 90961482}, {'item': 17467618}, {'item': 66180902}, {'item': 26651315}, {'item': 86695111}, {'item': 48204762}, {'item': 118820}, {'item': 70978235}, {'item': 57156320}, {'item': 81731827}, {'item': 44394740}, {'item': 77945055}, {'item': 30119394}, {'item': 64339699}, {'item': 43006786}, {'item': 55656789}, {'item': 23789467}, {'item': 76349535}, {'item': 75954399}, {'item': 75441403}, {'item': 24832647}, {'item': 57603329}, {'item': 26792605}, {'item': 87385316}, {'item': 73282197}, {'item': 62111442}, {'item': 19957967}, {'item': 25562601}, {'item': 62187551}, {'item': 12537213}, {'item': 45226192}, {'item': 63698939}, {'item': 24844005}, {'item': 8424132}, {'item': 24196903}, {'item': 93898231}, {'item': 10541460}, {'item': 43140570}, {'item': 81234873}, {'item': 1295962}, {'item': 13771661}, {'item': 31021585}, {'item': 53050500}, {'item': 68658951}, {'item': 69995796}, {'item': 3794095}, {'item': 67163101}, {'item': 37092080}, {'item': 63416656}, {'item': 44465941}, {'item': 14893802}, {'item': 83216863}, {'item': 57360475}, {'item': 41508583}, {'item': 14845372}, {'item': 1247687}, {'item': 63656871}, {'item': 64672483}, {'item': 92860976}, {'item': 11262228}, {'item': 92831198}, {'item': 4434742}, {'item': 94725134}, {'item': 42839437}, {'item': 2769393}, {'item': 34088945}, {'item': 46309755}, {'item': 85218800}, {'item': 66752534}, {'item': 23817946}, {'item': 6326974}, {'item': 41113692}, {'item': 65743369}, {'item': 18454757}, {'item': 30170067}, {'item': 43751884}, {'item': 6804312}, {'item': 24647292}, {'item': 43673465}, {'item': 96286810}, {'item': 88541088}, {'item': 34124639}, {'item': 43013172}, {'item': 69255620}, {'item': 26813857}, {'item': 92025313}, {'item': 29448373}, {'item': 21992411}, {'item': 60450158}, {'item': 38168047}, {'item': 40286412}, {'item': 18178771}, {'item': 98257837}, {'item': 28564069}, {'item': 34486015}, {'item': 40893993}, {'item': 73346397}, {'item': 54588314}, {'item': 77914829}, {'item': 85652140}, {'item': 98619352}, {'item': 99560138}, {'item': 70994805}, {'item': 98149591}, {'item': 62259383}, {'item': 80555408}, {'item': 87641834}, {'item': 17856166}, {'item': 39058400}, {'item': 34684886}, {'item': 62160139}, {'item': 23961320}, {'item': 15796003}, {'item': 91416865}, {'item': 68595551}, {'item': 71013336}, {'item': 60060058}, {'item': 4693834}, {'item': 43441604}, {'item': 78461057}, {'item': 15546743}, {'item': 88338274}, {'item': 34668250}, {'item': 21467409}, {'item': 96071657}, {'item': 9759004}, {'item': 69512879}, {'item': 85006341}, {'item': 57859955}, {'item': 99627976}, {'item': 80071171}, {'item': 78076510}, {'item': 70736463}, {'item': 61701860}, {'item': 95980473}, {'item': 95135495}, {'item': 59563170}, {'item': 6817321}, {'item': 70573408}, {'item': 4124007}, {'item': 51263641}, {'item': 32801342}, {'item': 39124147}, {'item': 88060714}, {'item': 89756159}, {'item': 1128378}, {'item': 57070490}, {'item': 80425016}, {'item': 465750}, {'item': 67495445}, {'item': 33968230}, {'item': 64753480}, {'item': 26240808}, {'item': 23300998}, {'item': 78536904}, {'item': 27503840}, {'item': 95330836}, {'item': 55570167}, {'item': 90574439}, {'item': 51265341}, {'item': 70150104}]",Scale (ratio),Animal science,Environmental science,"[{'display_name': 'Life below water', 'score': 0.57, 'id': 'https://metadata.un.org/sdg/14'}]",Missing,Missing,Missing,Missing,Missing,Missing,Missing,,Missing,0.6713926365439733
39228576,2021,article,11,2,"['Marcus Haward', 'Bianca Haas']","['Institute for Marine and Antarctic Studies', 'Centre for Marine Socioecology', 'University of Tasmania', 'Centre for Marine Socioecology', 'University of Tasmania', 'Institute for Marine and Antarctic Studies']","[{'item': 23998840}, {'item': 32645161}, {'item': 1195288}, {'item': 89363871}, {'item': 72818595}, {'item': 57896816}, {'item': 32670636}, {'item': 21403742}, {'item': 83871920}, {'item': 22521375}, {'item': 19766326}, {'item': 25562601}, {'item': 23080638}, {'item': 27863242}, {'item': 29407450}, {'item': 70502757}, {'item': 56320297}, {'item': 66642559}, {'item': 17930400}, {'item': 6621123}, {'item': 96184946}, {'item': 96938450}]",Mandate,Fishing,Sustainability,[],Missing,Missing,Missing,Missing,Missing,Missing,Missing,"{'value': 2950, 'currency': 'USD', 'value_usd': 2950, 'provenance': 'doaj'}",Missing,-0.9876089399971051
19554771,2021,article,3,4,"['T. V. Pisarenko', 'Т. К. Кваша', 'O. F. Paladchenko', 'I.V. Molchanova']",[],"[{'item': 56386754}, {'item': 34887454}, {'item': 7766753}]",Sustainable development,Work (physics),Environmental resource management,[],Missing,Missing,Missing,Missing,Missing,Missing,Missing,,Missing,-5.69035945432406
31306338,2021,article,2,1,['Lucy Hunt'],[],"[{'item': 77318036}, {'item': 82850612}, {'item': 55922183}, {'item': 17187491}, {'item': 821403}, {'item': 53555626}, {'item': 27119146}, {'item': 75951249}, {'item': 19777422}]",Irish,Curriculum,Intervention (counseling),"[{'display_name': 'Quality education', 'score': 0.86, 'id': 'https://metadata.un.org/sdg/4'}]",Missing,Missing,Missing,Missing,Missing,Missing,Missing,,Missing,-2.917770732084279
26127331,2021,book-chapter,0,2,"['Freedom-Kai Phillips', 'Alexandra R. Harrington']","['University of Cambridge', 'Albany Law School']","[{'item': 49484396}, {'item': 33364376}, {'item': 37885476}, {'item': 68425120}, {'item': 11073177}, {'item': 65695188}, {'item': 53292815}, {'item': 95351184}, {'item': 27503840}, {'item': 8664796}]",Mathematics education,Political science,Psychology,[],Missing,Missing,Missing,Missing,Missing,Missing,Missing,,Missing,-2.682204660771512
10266053,2021,book-chapter,0,1,['Eric J. Raes'],"['Health Sciences and Nutrition', 'Commonwealth Scientific and Industrial Research Organisation']","[{'item': 48336981}, {'item': 67464779}, {'item': 36017836}, {'item': 14822612}, {'item': 4995111}, {'item': 134691}, {'item': 23795719}, {'item': 95790325}, {'item': 66043112}, {'item': 88058954}, {'item': 30418554}, {'item': 50501784}, {'item': 81255985}, {'item': 48390990}, {'item': 2444177}, {'item': 22521375}, {'item': 36084359}, {'item': 16830612}, {'item': 65196354}, {'item': 7929259}, {'item': 69472162}, {'item': 63298993}, {'item': 73781490}, {'item': 97541716}, {'item': 6683803}, {'item': 24162270}, {'item': 6878920}, {'item': 65826604}, {'item': 18288872}, {'item': 15111114}, {'item': 79855148}, {'item': 47715710}, {'item': 7038884}, {'item': 65310284}, {'item': 3196418}, {'item': 11771344}, {'item': 82693963}]",Perspective (graphical),Psychology,Computer science,[],Missing,Missing,Missing,Missing,Missing,Missing,Missing,,Missing,0.43869075573648475
32610897,2021,editorial,0,2,"['Benrong Peng', 'Qinhua Fang']","['Xiamen University', 'Xiamen University']","[{'item': 41645930}, {'item': 60469676}, {'item': 59929108}, {'item': 98140735}, {'item': 83163188}, {'item': 65965668}, {'item': 61992607}, {'item': 90926565}]",Environmental planning,Environmental resource management,Process management,"[{'display_name': 'Climate action', 'score': 0.46, 'id': 'https://metadata.un.org/sdg/13'}]",Missing,Missing,Missing,Missing,Missing,Missing,Missing,,Missing,-3.1848335173333244
97832683,2021,book-chapter,0,2,"['Md. Ashrafuzzaman', 'Gustavo Luís Ferri Furini']","['Universidade Nova de Lisboa', 'University of Lisbon', 'University of East Anglia', 'University of Chittagong', 'Autonomous University of Lisbon']","[{'item': 51098296}, {'item': 52471006}, {'item': 87777435}, {'item': 70479730}, {'item': 28739948}, {'item': 31415353}, {'item': 18907968}, {'item': 16830612}, {'item': 31493410}, {'item': 22213953}, {'item': 86295759}, {'item': 90182760}, {'item': 36681415}, {'item': 63373576}, {'item': 17512300}, {'item': 50771432}]",Fishing,Fishery,Biology,[],Missing,Missing,Missing,Missing,Missing,Missing,Missing,,Missing,-0.4367779816174152
41670236,2021,book-chapter,0,1,['Tony George Puthucherril'],['O. P. Jindal Global University'],"[{'item': 53579278}, {'item': 30976391}, {'item': 73428481}, {'item': 38522825}, {'item': 55063786}, {'item': 7209942}, {'item': 28122943}, {'item': 97887509}, {'item': 20063626}, {'item': 10377271}, {'item': 68725955}]",Geology,,,"[{'display_name': 'Life below water', 'score': 0.64, 'id': 'https://metadata.un.org/sdg/14'}]",Missing,Missing,Missing,Missing,Missing,Missing,Missing,,Missing,-2.4714836294558595
43345638,2022,book-chapter,3,1,['Poul Holm'],[],"[{'item': 2905137}, {'item': 37193257}, {'item': 49767943}, {'item': 39064895}, {'item': 45743121}, {'item': 91036414}, {'item': 32236005}, {'item': 18376178}, {'item': 52054597}, {'item': 75078225}, {'item': 25962965}, {'item': 24485285}, {'item': 84433006}, {'item': 55511496}, {'item': 49959960}, {'item': 43835893}, {'item': 53523227}, {'item': 28394115}, {'item': 39780096}, {'item': 20498543}, {'item': 76515033}, {'item': 30226412}, {'item': 8254009}, {'item': 31256795}, {'item': 98968719}, {'item': 85094305}, {'item': 54497807}, {'item': 26266613}, {'item': 53379743}]",Realm,Alien,Environmental ethics,"[{'display_name': 'Life below water', 'score': 0.88, 'id': 'https://metadata.un.org/sdg/14'}]",Missing,Missing,Missing,Missing,Missing,Missing,Missing,,Missing,-3.382875799933487
11348570,2022,article,3,2,"['Sali Jayne Bache', 'Aisha Reynolds']","['Monash University', 'University of Tasmania', 'Monash University']","[{'item': 91481907}, {'item': 29950766}, {'item': 68911056}, {'item': 60064749}, {'item': 21944470}, {'item': 90093021}, {'item': 31581078}, {'item': 58478660}, {'item': 49647021}, {'item': 22521375}, {'item': 6501866}, {'item': 82070908}, {'item': 12762290}, {'item': 30257780}, {'item': 94517557}, {'item': 74209830}, {'item': 7046559}, {'item': 92904358}, {'item': 54704543}, {'item': 60006806}, {'item': 12550305}, {'item': 6804312}, {'item': 8896007}, {'item': 82599744}, {'item': 61153735}, {'item': 79027318}, {'item': 81734610}, {'item': 35102423}, {'item': 3163101}]",Nexus (standard),Inclusion (mineral),Planetary boundaries,"[{'display_name': 'Climate action', 'score': 0.47, 'id': 'https://metadata.un.org/sdg/13'}]",Missing,Missing,Missing,Missing,Missing,Missing,Missing,,Missing,-3.382875799933487
76624335,2022,article,3,11,"['Ileana A. Callejas', 'Katie E. Osborn', 'Christine Lee', 'Deepak R. Mishra', 'Nicole Auil Gomez', 'Abel Carrias', 'Emil Cherrington', 'Robert Griffin', 'Andria Rosado', 'Samir Rosado', 'Jennifer A. Jay']","['University of California, Los Angeles', 'University of California, Los Angeles', 'Jet Propulsion Laboratory', 'University of Georgia', 'Belize Zoo', 'University of Belize', 'University of Alabama in Huntsville', 'University of Alabama in Huntsville', 'Central America Health Sciences University', 'Central America Health Sciences University', 'University of California, Los Angeles']","[{'item': 11426841}, {'item': 72445699}, {'item': 61399049}, {'item': 43191975}, {'item': 66184350}, {'item': 12619433}, {'item': 63852074}, {'item': 88439276}, {'item': 67406536}, {'item': 47441220}, {'item': 83576685}, {'item': 94929911}, {'item': 1944671}, {'item': 46770312}, {'item': 68466378}, {'item': 21651129}, {'item': 78174750}, {'item': 787713}, {'item': 38641615}, {'item': 20693517}, {'item': 73974627}, {'item': 81442131}, {'item': 71855012}, {'item': 91010906}, {'item': 18098793}, {'item': 38266293}, {'item': 73938744}, {'item': 98259690}, {'item': 46488157}, {'item': 7178106}, {'item': 74245127}, {'item': 41007912}, {'item': 32414333}, {'item': 11636886}, {'item': 66277368}, {'item': 67876194}, {'item': 40522696}, {'item': 80999258}, {'item': 86337690}, {'item': 62688904}, {'item': 58251521}, {'item': 23475088}, {'item': 35972049}, {'item': 79371970}, {'item': 70201164}, {'item': 92477579}, {'item': 45484583}, {'item': 72575186}, {'item': 94170455}, {'item': 91700524}, {'item': 51804247}, {'item': 34409012}, {'item': 41013405}, {'item': 8092067}, {'item': 7168171}, {'item': 54810847}, {'item': 87932150}, {'item': 83218613}, {'item': 75397506}, {'item': 39153333}, {'item': 873872}, {'item': 34973825}, {'item': 65973681}, {'item': 2027235}, {'item': 52903066}, {'item': 67961561}, {'item': 82297581}, {'item': 62519620}, {'item': 57244058}, {'item': 18885245}]",Coral reef,Marine protected area,Environmental science,[],Missing,Missing,Missing,Missing,Missing,Missing,Missing,"{'value': 1900, 'currency': 'USD', 'value_usd': 1900, 'provenance': 'doaj'}",Missing,-1.579071811089376
32055373,2022,article,2,6,"['Rasma Tretjakova', 'Hans-Petter Halvorsen', 'Håkon Viumdal', 'Saba Mylvaganam', 'Josef Timmerberg', 'Jean-Marc Thiriet']","['Rezekne Academy of Technologies', 'University of South-Eastern Norway', 'University of South-Eastern Norway', 'University of South-Eastern Norway', 'Jade University of Applied Sciences']","[{'item': 26309765}, {'item': 59787577}, {'item': 1370324}, {'item': 81699096}, {'item': 368800}, {'item': 14998106}, {'item': 44137844}, {'item': 50125076}, {'item': 20642827}]",The Internet,Sanitation,Water quality,[],Missing,Missing,Missing,Missing,Missing,Missing,Missing,,Missing,-5.888401736924223
428962,2022,article,2,2,"['Muhammad Natsir Kholis', 'Edwarsyah Edwarsyah']","['Universitas Muara Bungo', 'Universitas Teuku Umar']","[{'item': 20677015}, {'item': 34641945}, {'item': 83242558}, {'item': 33603012}, {'item': 73606179}, {'item': 66689425}, {'item': 40535789}, {'item': 34350142}, {'item': 61212458}, {'item': 44492995}, {'item': 76076656}, {'item': 37523661}, {'item': 49525977}, {'item': 3904201}, {'item': 95511204}, {'item': 59717760}, {'item': 15458931}, {'item': 56347004}, {'item': 53882481}, {'item': 11204709}]",Physics,Chemistry,,"[{'display_name': 'Life below water', 'score': 0.74, 'id': 'https://metadata.un.org/sdg/14'}]",Missing,Missing,Missing,Missing,Missing,Missing,Missing,,Missing,-4.158406861951014
27183956,2022,book-chapter,1,3,"['Roland Cormier', 'Michael Elliott', 'Ángel Borja']","['Helmholtz-Zentrum Hereon', 'University of Hull', 'King Abdulaziz University', 'Marine Technology Unit']","[{'item': 42569057}, {'item': 40576736}, {'item': 56903547}, {'item': 59304141}, {'item': 20326790}, {'item': 42102428}, {'item': 44219351}, {'item': 13248380}, {'item': 57587573}, {'item': 26558995}, {'item': 13593380}, {'item': 91065326}, {'item': 51000614}, {'item': 98253942}, {'item': 98677272}, {'item': 81255985}, {'item': 51714330}, {'item': 70396387}, {'item': 73369450}, {'item': 49313153}, {'item': 1755855}, {'item': 26813857}, {'item': 93790259}]",Computer science,,,[],Missing,Missing,Missing,Missing,Missing,Missing,Missing,,Missing,-3.8651999135672632
19267890,2022,book-chapter,1,1,['Eric J. Raes'],"['Health Sciences and Nutrition', 'Commonwealth Scientific and Industrial Research Organisation', 'Dalhousie University']","[{'item': 48336981}, {'item': 67464779}, {'item': 36017836}, {'item': 14822612}, {'item': 4995111}, {'item': 134691}, {'item': 23795719}, {'item': 95790325}, {'item': 66043112}, {'item': 88058954}, {'item': 30418554}, {'item': 50501784}, {'item': 81255985}, {'item': 48390990}, {'item': 2444177}, {'item': 22521375}, {'item': 36084359}, {'item': 16830612}, {'item': 65196354}, {'item': 7929259}, {'item': 69472162}, {'item': 63298993}, {'item': 73781490}, {'item': 97541716}, {'item': 6683803}, {'item': 24162270}, {'item': 6878920}, {'item': 65826604}, {'item': 18288872}, {'item': 15111114}, {'item': 79855148}, {'item': 47715710}, {'item': 7038884}, {'item': 65310284}, {'item': 3196418}, {'item': 11771344}, {'item': 82693963}]",Perspective (graphical),Computer science,Artificial intelligence,[],Missing,Missing,Missing,Missing,Missing,Missing,Missing,,Missing,-2.4033228712813655
27581959,2022,book-chapter,1,2,"['Louis Anto Nirmal', 'Samuel Jacob']","['SRM Institute of Science and Technology', 'SRM Institute of Science and Technology']","[{'item': 74935231}, {'item': 72059378}, {'item': 98187088}, {'item': 14852714}, {'item': 73575211}, {'item': 14553536}, {'item': 81087862}, {'item': 40047011}, {'item': 64752979}, {'item': 88252414}, {'item': 95740579}, {'item': 15632706}, {'item': 36533141}, {'item': 41017171}, {'item': 79159787}, {'item': 55112881}, {'item': 19317679}, {'item': 20543788}, {'item': 93970177}, {'item': 44803838}, {'item': 89901804}, {'item': 52029714}, {'item': 31609253}, {'item': 59831822}, {'item': 22466862}, {'item': 58518504}, {'item': 60522777}, {'item': 39731360}, {'item': 40129862}, {'item': 21106169}, {'item': 17441083}, {'item': 78814245}, {'item': 71200915}, {'item': 56404183}, {'item': 57029896}, {'item': 8011032}, {'item': 53015131}, {'item': 72041396}, {'item': 45450039}, {'item': 42618377}, {'item': 78327486}, {'item': 49442062}, {'item': 43333236}, {'item': 42683068}, {'item': 26624485}, {'item': 28167187}, {'item': 89502985}, {'item': 84672227}, {'item': 20361134}, {'item': 45267682}, {'item': 59661696}]",Sustainable development,Pandemic,Business,[],Missing,Missing,Missing,Missing,Missing,Missing,Missing,,Missing,-2.2232388094276025
9672225,2022,book-chapter,1,1,['Sergio Rossi'],['University of Salento'],"[{'item': 70397919}, {'item': 32379751}, {'item': 75341969}, {'item': 76328080}, {'item': 54840619}, {'item': 52642487}, {'item': 56585263}, {'item': 95662889}, {'item': 56583290}, {'item': 39120793}, {'item': 89484966}, {'item': 20380663}, {'item': 79645785}, {'item': 98252585}, {'item': 29340346}, {'item': 53397428}, {'item': 43135684}, {'item': 80757955}, {'item': 11871986}, {'item': 97499435}, {'item': 53501799}, {'item': 59278971}, {'item': 48698176}, {'item': 31740951}, {'item': 47095252}, {'item': 48956437}, {'item': 13333673}, {'item': 31001781}, {'item': 58939829}, {'item': 65842165}, {'item': 70515758}, {'item': 37878470}, {'item': 11771267}, {'item': 17330079}, {'item': 56394654}, {'item': 93904288}, {'item': 78727655}, {'item': 97565550}, {'item': 3058613}, {'item': 31830824}, {'item': 94565417}, {'item': 57070848}, {'item': 90994659}, {'item': 4970764}, {'item': 78260523}, {'item': 58023603}, {'item': 41041825}, {'item': 11194656}, {'item': 38913551}, {'item': 51489267}, {'item': 65549890}, {'item': 7387222}, {'item': 4954954}, {'item': 10315428}, {'item': 91288587}, {'item': 15125575}, {'item': 80139669}, {'item': 38514536}, {'item': 69608470}, {'item': 63299257}, {'item': 87475687}, {'item': 81607975}, {'item': 97355411}, {'item': 53091431}, {'item': 8398189}, {'item': 88419440}, {'item': 11206314}, {'item': 21419827}, {'item': 93987300}, {'item': 49980648}, {'item': 60333883}, {'item': 42516481}, {'item': 8088603}, {'item': 35469921}, {'item': 67198308}, {'item': 79191522}, {'item': 43030490}, {'item': 48105778}, {'item': 55906405}, {'item': 90936327}, {'item': 22264180}, {'item': 18512082}, {'item': 8679166}, {'item': 23516556}, {'item': 32045141}, {'item': 7492682}, {'item': 57630846}, {'item': 76174411}, {'item': 51087324}, {'item': 85432073}, {'item': 23353184}, {'item': 69906805}, {'item': 5152470}, {'item': 38989120}, {'item': 65755423}, {'item': 70026501}, {'item': 58747974}, {'item': 97256457}, {'item': 44753830}, {'item': 31544165}, {'item': 81601243}, {'item': 91617128}, {'item': 21525299}, {'item': 64916936}, {'item': 84456827}, {'item': 63562284}, {'item': 81847029}, {'item': 69857272}, {'item': 69330066}, {'item': 96228458}, {'item': 25175325}, {'item': 35429589}, {'item': 15029252}, {'item': 4419437}, {'item': 73040314}, {'item': 69125112}, {'item': 60379389}, {'item': 24371480}, {'item': 76240241}, {'item': 32839939}, {'item': 41208341}, {'item': 54167772}, {'item': 93488784}, {'item': 80257514}, {'item': 75069416}, {'item': 78439599}, {'item': 6687701}, {'item': 44843560}, {'item': 54993348}, {'item': 57798387}, {'item': 97036060}, {'item': 2499336}, {'item': 76071716}, {'item': 15467343}, {'item': 99762897}, {'item': 93680493}, {'item': 80824869}, {'item': 44659906}, {'item': 1182812}, {'item': 57087878}, {'item': 84024992}, {'item': 52348224}, {'item': 74218649}, {'item': 54363226}, {'item': 19388899}, {'item': 81141812}, {'item': 50235483}, {'item': 58486258}, {'item': 52143094}, {'item': 83865066}, {'item': 19548896}, {'item': 95452262}, {'item': 95123754}, {'item': 80498569}, {'item': 67589924}, {'item': 6615638}, {'item': 49289445}, {'item': 64117550}, {'item': 99574090}, {'item': 17825740}, {'item': 3819012}, {'item': 68738886}, {'item': 14950180}, {'item': 69901053}, {'item': 65969059}, {'item': 68022520}, {'item': 50488853}, {'item': 37529924}, {'item': 9647897}, {'item': 85803061}, {'item': 85502423}, {'item': 59024533}, {'item': 21804612}, {'item': 71563294}, {'item': 75597077}, {'item': 67174817}, {'item': 74025465}, {'item': 44437919}, {'item': 94658871}, {'item': 55044836}, {'item': 37267549}, {'item': 58604069}, {'item': 60323782}, {'item': 84402218}, {'item': 76411915}, {'item': 30431074}]",Nutrient,Upwelling,Biogeochemical cycle,"[{'display_name': 'Life below water', 'score': 0.59, 'id': 'https://metadata.un.org/sdg/14'}]",Missing,Missing,Missing,Missing,Missing,Missing,Missing,,Missing,0.39342682987275485
934652,2022,book-chapter,1,1,['Sinan Küfeoğlu'],['University of Cambridge'],"[{'item': 68577684}, {'item': 88227416}, {'item': 93970177}, {'item': 67607598}, {'item': 21352997}, {'item': 34612660}, {'item': 84397636}]",Sustainability,Rainwater harvesting,Incentive,[],Missing,Missing,Missing,Missing,Missing,Missing,Missing,,Missing,-4.23017366032069
93132421,2022,book-chapter,0,2,"['Md. Ashrafuzzaman', 'Gustavo Luís Ferri Furini']","['University of Chittagong', 'University of Lisbon', 'Universidade Nova de Lisboa', 'University of East Anglia', 'Autonomous University of Lisbon']","[{'item': 51098296}, {'item': 52471006}, {'item': 87777435}, {'item': 70479730}, {'item': 28739948}, {'item': 31415353}, {'item': 18907968}, {'item': 16830612}, {'item': 31493410}, {'item': 22213953}, {'item': 86295759}, {'item': 90182760}, {'item': 36681415}, {'item': 63373576}, {'item': 17512300}, {'item': 50771432}]",Fishing,Fishery,Business,[],Missing,Missing,Missing,Missing,Missing,Missing,Missing,,Missing,-3.4074089864573587
22587063,2022,book-chapter,0,1,['Tony George Puthucherril'],['O. P. Jindal Global University'],"[{'item': 53579278}, {'item': 30976391}, {'item': 73428481}, {'item': 38522825}, {'item': 55063786}, {'item': 7209942}, {'item': 28122943}, {'item': 97887509}, {'item': 20063626}, {'item': 10377271}, {'item': 68725955}]",Oceanography,Geology,Geography,"[{'display_name': 'Life below water', 'score': 0.64, 'id': 'https://metadata.un.org/sdg/14'}]",Missing,Missing,Missing,Missing,Missing,Missing,Missing,,Missing,-5.4421146342958036
54392750,2022,book-chapter,0,2,"['Freedom-Kai Phillips', 'Alexandra R. Harrington']","['University of Cambridge', 'Albany Law School']","[{'item': 49484396}, {'item': 33364376}, {'item': 37885476}, {'item': 68425120}, {'item': 11073177}, {'item': 65695188}, {'item': 53292815}, {'item': 95351184}, {'item': 27503840}, {'item': 8664796}]",Political science,Mathematics education,Psychology,[],Missing,Missing,Missing,Missing,Missing,Missing,Missing,,Missing,-5.652835665611456
96674603,2023,article,12,1,['Bianca Haas'],['University of Wollongong'],"[{'item': 47424592}, {'item': 97905156}, {'item': 22521375}, {'item': 25843312}, {'item': 51714330}, {'item': 76642317}, {'item': 68577684}, {'item': 14436075}, {'item': 47121946}, {'item': 57427415}, {'item': 67068409}, {'item': 96439091}, {'item': 16614944}, {'item': 96703984}, {'item': 24248565}, {'item': 81734610}, {'item': 20701842}, {'item': 50692854}, {'item': 46217190}, {'item': 33147674}, {'item': 34341051}, {'item': 9429786}, {'item': 20735041}, {'item': 11254338}]",Equity (law),Perspective (graphical),Indigenous,[],Missing,Missing,Missing,Missing,Missing,Missing,Missing,,Missing,-1.6654128843204283
77115723,2023,article,5,4,"['Xue Yongjie', 'Jinling Yan', 'Dahai Li', 'Haijing Zheng']","['Shandong Women’s University', 'Hebei Agricultural University', 'Ocean University of China', 'Hokkaido University']","[{'item': 88773617}, {'item': 87890463}, {'item': 89566964}, {'item': 17838818}, {'item': 9042271}, {'item': 30276306}, {'item': 38047171}, {'item': 31813280}, {'item': 94316178}, {'item': 72672398}, {'item': 66121911}, {'item': 1944458}, {'item': 66156191}, {'item': 70457292}, {'item': 86199663}, {'item': 85042104}, {'item': 73743422}, {'item': 12721543}, {'item': 12550866}, {'item': 14893802}, {'item': 20980499}, {'item': 50816036}, {'item': 70752517}, {'item': 20225553}, {'item': 61591615}, {'item': 60871412}, {'item': 63474690}, {'item': 78161527}, {'item': 14193559}, {'item': 38087397}]",Sustainable development,Incentive,Environmental resource management,[],Missing,Missing,Missing,Missing,Missing,Missing,Missing,"{'value': 2200, 'currency': 'CHF', 'value_usd': 2382, 'provenance': 'doaj'}",Missing,-2.1267584508230493
42955321,2023,article,5,3,"['Naveen Kumar Arora', 'Isha Mishra', 'Pranay Arora']","['Babasaheb Bhimrao Ambedkar University', 'University of Manchester']","[{'item': 96439091}, {'item': 90585430}, {'item': 24248565}, {'item': 69665872}, {'item': 43470376}, {'item': 88279547}, {'item': 11862542}, {'item': 13064313}, {'item': 50692854}, {'item': 96674603}, {'item': 43228826}]",Astrobiology,Planet,Environmental science,[],Missing,Missing,Missing,Missing,Missing,Missing,Missing,,Missing,-3.0622574563354714
3036998,2023,article,2,2,"['Chia-Hsiang Chen', 'Kuo-Wei Yen']",[],"[{'item': 51708607}, {'item': 4635897}, {'item': 28559367}, {'item': 82351291}, {'item': 58697268}, {'item': 24830396}, {'item': 76706943}, {'item': 36200283}, {'item': 6952837}, {'item': 8973404}, {'item': 27704627}, {'item': 59117475}, {'item': 29307153}, {'item': 73714371}, {'item': 14374353}, {'item': 2278770}, {'item': 67387316}, {'item': 90184569}, {'item': 57160046}, {'item': 98919556}, {'item': 13351438}, {'item': 94260054}, {'item': 73856635}, {'item': 92363673}, {'item': 37522028}, {'item': 47869161}, {'item': 62352135}, {'item': 35642314}, {'item': 64359690}, {'item': 70402608}, {'item': 74181604}, {'item': 72844555}, {'item': 94554196}, {'item': 91737596}, {'item': 8961163}, {'item': 61153735}, {'item': 3988673}, {'item': 17645752}, {'item': 14710487}, {'item': 37746331}, {'item': 43594708}, {'item': 67133472}, {'item': 55941191}, {'item': 29814002}, {'item': 62822016}, {'item': 72014798}, {'item': 60428892}, {'item': 78031107}, {'item': 81734610}, {'item': 83769039}, {'item': 23564225}, {'item': 49572764}, {'item': 43319243}, {'item': 39790412}, {'item': 83976733}, {'item': 75588418}, {'item': 56214496}, {'item': 41098385}, {'item': 13764655}, {'item': 9638396}, {'item': 54890063}, {'item': 97879867}, {'item': 99433056}, {'item': 43054592}, {'item': 33040908}, {'item': 67729795}, {'item': 83913829}, {'item': 89292270}, {'item': 49452604}, {'item': 21141202}, {'item': 10467556}, {'item': 79449540}, {'item': 20908210}, {'item': 89896324}, {'item': 41730758}, {'item': 40898686}, {'item': 92558502}, {'item': 83625063}, {'item': 24200672}, {'item': 13532280}, {'item': 93451349}, {'item': 31695935}, {'item': 90555127}, {'item': 30504466}, {'item': 6251759}, {'item': 53994312}, {'item': 23138893}, {'item': 83065345}, {'item': 64308648}, {'item': 67575052}, {'item': 49003868}, {'item': 91587319}]",General partnership,Sustainable development,Business,"[{'display_name': 'Partnerships for the goals', 'score': 0.48, 'id': 'https://metadata.un.org/sdg/17'}]",Missing,Missing,Missing,Missing,Missing,Missing,Missing,"{'value': 2200, 'currency': 'CHF', 'value_usd': 2382, 'provenance': 'doaj'}",Missing,0.1603689022377028
40920243,2023,review,1,5,"['Alva Linner', 'Ayyoob Sharifi', 'Dahlia Simangan', 'Letícia Sarmento dos Muchangos', 'Remi Chandran']","['Lund University', 'Hiroshima University', 'Hiroshima University', 'The University of Tokyo', 'Remote Sensing Technology Center of Japan']","[{'item': 27354216}, {'item': 1058576}, {'item': 89401507}, {'item': 63027239}, {'item': 22411590}, {'item': 80593991}, {'item': 92100174}, {'item': 22521375}, {'item': 94260054}, {'item': 65560158}, {'item': 40545500}, {'item': 70961610}, {'item': 953348}, {'item': 71628787}, {'item': 63454263}, {'item': 76118975}, {'item': 2405482}, {'item': 4688614}, {'item': 46475373}, {'item': 99184897}, {'item': 92352023}, {'item': 75606932}, {'item': 4769042}, {'item': 57584555}, {'item': 39876874}, {'item': 6606125}, {'item': 57978850}, {'item': 13268468}, {'item': 81734610}, {'item': 3785605}, {'item': 47552115}, {'item': 46597208}, {'item': 83712036}, {'item': 35214364}, {'item': 64716559}, {'item': 35897171}]",Corporate governance,Political science,Disadvantaged,"[{'display_name': 'Peace, justice, and strong institutions', 'score': 0.52, 'id': 'https://metadata.un.org/sdg/16'}]",Missing,Missing,Missing,Missing,Missing,Missing,Missing,,Missing,-0.4697201423551057
51593348,2023,article,0,2,"['Imran Gunawan Tambunan', 'Eleonora Sofilda']","['Universitas Trisakti', 'Universitas Trisakti']","[{'item': 19738715}, {'item': 88666606}, {'item': 82134986}, {'item': 90290298}, {'item': 72253285}, {'item': 17228972}, {'item': 94052048}, {'item': 1944509}, {'item': 26973446}, {'item': 54907660}, {'item': 26820411}]",Business,Descriptive statistics,Fishing,[],Missing,Missing,Missing,Missing,Missing,Missing,Missing,,Missing,-4.256179924807906
70065278,2023,article,0,2,"['Aprilia', 'Erni Mulyanie']",['Siliwangi University'],"[{'item': 95133184}, {'item': 79588740}, {'item': 42553683}, {'item': 22168524}, {'item': 34973718}, {'item': 71174966}, {'item': 98518672}, {'item': 15423645}, {'item': 93163806}, {'item': 51094434}, {'item': 5159632}]",Physics,Forestry,Political science,[],Missing,Missing,Missing,Missing,Missing,Missing,Missing,,Missing,-4.256179924807906
95508090,2023,article,0,1,['Heli Aaltonen'],['Norwegian University of Science and Technology'],"[{'item': 57476140}, {'item': 89652383}, {'item': 72561476}, {'item': 56895674}, {'item': 10522112}, {'item': 59369336}, {'item': 89385129}, {'item': 41045010}, {'item': 94278994}, {'item': 44025795}, {'item': 29084874}]",Empathy,Agency (philosophy),Openness to experience,[],Missing,Missing,Missing,Missing,Missing,Missing,Missing,,Missing,-4.256179924807906
73518392,2023,article,0,2,"['Halend Putra', 'Kelvin Fitrah Prawira Dupuy']","['Hasanuddin University', 'Hasanuddin University']","[{'item': 81097964}, {'item': 38790127}, {'item': 77366867}, {'item': 34498872}, {'item': 15440875}]",Forestry,Geography,Political science,"[{'display_name': 'Life below water', 'score': 0.74, 'id': 'https://metadata.un.org/sdg/14'}]",Missing,Missing,Missing,Missing,Missing,Missing,Missing,,Missing,-6.088761388556216
2789210,2023,article,0,3,"['Aam Slamet Rusydiana', 'Raditya Sukmana', 'Nisful Laila']","['Airlangga University', 'Airlangga University']","[{'item': 72976498}, {'item': 73034308}, {'item': 87900373}, {'item': 54007300}, {'item': 14483606}, {'item': 47733636}, {'item': 55611387}, {'item': 43003867}, {'item': 76378476}, {'item': 56783624}, {'item': 7037756}, {'item': 14049313}, {'item': 5366300}, {'item': 43370124}, {'item': 51924992}, {'item': 90320571}, {'item': 60597209}, {'item': 50768460}, {'item': 22012833}, {'item': 54660707}, {'item': 4531809}, {'item': 95598316}, {'item': 83308448}, {'item': 11742369}, {'item': 20331351}, {'item': 21951080}, {'item': 30528557}, {'item': 88186826}, {'item': 75038643}, {'item': 81511979}, {'item': 58746340}, {'item': 11139482}, {'item': 16506769}, {'item': 6846567}, {'item': 13945402}, {'item': 81781774}, {'item': 92738623}, {'item': 35096204}, {'item': 85701639}, {'item': 83318209}, {'item': 47862915}, {'item': 4057690}, {'item': 43222608}, {'item': 14198935}, {'item': 61782371}, {'item': 28070220}, {'item': 43366499}, {'item': 67763012}, {'item': 31148067}, {'item': 27359659}, {'item': 50771432}]",Waqf,Islam,Sustainable development,[],Missing,Missing,Missing,Missing,Missing,Missing,Missing,,Missing,-1.0373040999397052
17919159,2023,article,0,4,"['Saurandri Putri Cahyati', 'Shifa Melinda Naf’an', 'Nanda Iris Savana', 'Yusin Noviarin']","['Universitas Muhammadiyah Malang', 'Universitas Muhammadiyah Malang', 'Universitas Muhammadiyah Malang', 'Universitas Muhammadiyah Malang']","[{'item': 50236971}, {'item': 34341477}, {'item': 31490390}, {'item': 753415}, {'item': 61127071}, {'item': 19562051}, {'item': 33589371}]",Action plan,Context (archaeology),Plan (archaeology),"[{'display_name': 'Life below water', 'score': 0.84, 'id': 'https://metadata.un.org/sdg/14'}]",Missing,Missing,Missing,Missing,Missing,Missing,Missing,,Missing,-5.277831172339887
19407856,2024,article,1,1,['Mohamad Zreık'],[],"[{'item': 43615773}, {'item': 23998840}, {'item': 99682949}, {'item': 15705689}, {'item': 10815054}, {'item': 20423760}, {'item': 62329818}, {'item': 96184044}, {'item': 339986}, {'item': 72298965}, {'item': 75452235}, {'item': 34886571}, {'item': 67706113}, {'item': 99289396}, {'item': 79198575}, {'item': 62315917}, {'item': 43603302}, {'item': 43870611}, {'item': 52686453}, {'item': 41170061}, {'item': 89658036}, {'item': 89314777}, {'item': 68577684}, {'item': 27336152}, {'item': 25675697}, {'item': 5178910}, {'item': 99184897}, {'item': 13495437}, {'item': 57597184}, {'item': 62800737}, {'item': 11428697}, {'item': 8903705}, {'item': 13489838}, {'item': 70021364}, {'item': 95384303}, {'item': 29887110}, {'item': 2504181}, {'item': 96993249}, {'item': 17958771}, {'item': 33725300}, {'item': 75735351}, {'item': 34341051}, {'item': 46250655}, {'item': 51775810}, {'item': 46250392}, {'item': 72751932}, {'item': 19450367}, {'item': 17457162}, {'item': 21474184}, {'item': 6750746}, {'item': 10061061}]",Sustainability,International trade,Dynamics (music),[],Missing,Missing,Missing,Missing,Missing,Missing,Missing,,Missing,-1.2571539707335737
62891666,2024,article,1,5,"['Sivaji Patra', 'Buddhadeb Dutta', 'Abas Basir', 'M. V. Ramanamurthy', 'Tapan Kumar Jana']","['Ramakrishna Mission Vivekananda Educational and Research Institute', 'Ministry of Earth Sciences', 'Government of India', 'University of Calcutta']","[{'item': 53992372}, {'item': 12638726}, {'item': 75763736}, {'item': 25088140}, {'item': 71041746}, {'item': 25896447}, {'item': 19489019}, {'item': 76084187}, {'item': 87886455}, {'item': 83883443}, {'item': 2168423}, {'item': 18828504}, {'item': 72984745}, {'item': 77607065}, {'item': 13252568}, {'item': 69717831}, {'item': 29870326}, {'item': 11784111}, {'item': 36226256}, {'item': 5556016}, {'item': 75306801}, {'item': 78182690}, {'item': 9045876}, {'item': 55384828}, {'item': 21872109}, {'item': 80465373}, {'item': 50662038}, {'item': 49951931}, {'item': 52055652}, {'item': 9756477}, {'item': 47045070}, {'item': 90626678}, {'item': 28387159}, {'item': 59831632}, {'item': 14511}, {'item': 42927449}, {'item': 60440145}, {'item': 57027144}, {'item': 90604403}, {'item': 70660990}, {'item': 47592955}, {'item': 45959336}, {'item': 80486842}, {'item': 68577684}, {'item': 6785034}, {'item': 36315561}, {'item': 50014177}, {'item': 19710976}, {'item': 19770466}, {'item': 74167869}, {'item': 44907975}, {'item': 89498030}, {'item': 90440129}, {'item': 85052934}, {'item': 59417625}, {'item': 58055363}, {'item': 12865751}, {'item': 92775102}, {'item': 2124987}, {'item': 95646251}, {'item': 42192833}, {'item': 12152041}, {'item': 92005489}, {'item': 51252938}, {'item': 68905638}, {'item': 30946869}, {'item': 46661899}, {'item': 15312378}, {'item': 21116932}, {'item': 75761486}, {'item': 14515263}, {'item': 98026582}, {'item': 68723835}, {'item': 91290048}, {'item': 19945244}, {'item': 59257410}, {'item': 96652992}, {'item': 55583784}, {'item': 9699280}, {'item': 50692854}, {'item': 46217190}, {'item': 56629107}, {'item': 59814025}, {'item': 77006745}, {'item': 59064137}, {'item': 72682297}, {'item': 43856987}, {'item': 21668592}, {'item': 73379191}, {'item': 91030828}, {'item': 89079155}, {'item': 96674603}, {'item': 53454133}, {'item': 85471622}, {'item': 74153114}, {'item': 36917856}, {'item': 57359908}, {'item': 26898967}]",Political science,Computer science,,"[{'display_name': 'Life below water', 'score': 0.8, 'id': 'https://metadata.un.org/sdg/14'}]",Missing,Missing,Missing,Missing,Missing,Missing,Missing,,Missing,-0.48566313780953774
92973517,2024,article,1,1,['Ferhan Oral'],[],"[{'item': 34685855}, {'item': 44032340}, {'item': 6661593}, {'item': 44485592}, {'item': 36804982}, {'item': 25622200}, {'item': 43870611}, {'item': 98461756}, {'item': 7304607}, {'item': 59170835}, {'item': 53542453}, {'item': 44599299}, {'item': 8657198}, {'item': 74882645}, {'item': 39358136}, {'item': 7158657}, {'item': 16614944}, {'item': 13329324}, {'item': 39876874}, {'item': 26375054}, {'item': 47417771}, {'item': 86802451}, {'item': 94173149}, {'item': 934652}, {'item': 50692854}, {'item': 92847250}, {'item': 80193580}, {'item': 20735041}, {'item': 62910428}, {'item': 96674603}, {'item': 18634825}, {'item': 35951362}, {'item': 80815156}, {'item': 63776647}, {'item': 29627106}, {'item': 19407856}, {'item': 62326805}, {'item': 26820411}]",International trade,Business,,[],Missing,Missing,Missing,Missing,Missing,Missing,Missing,,Missing,-1.1263273822211677
66387615,2024,article,0,9,"['Angela Cimini', 'Paolo De Fioravante', 'Ines Marinosci', 'Luca Congedo', 'Piergiorgio Cipriano', 'L Dazzi', 'Marco Marchetti', 'Giuseppe Scarascia Mugnozza', 'Michele Munafò']","['Sapienza University of Rome', 'Istituto Superiore per la Protezione e la Ricerca Ambientale', 'Istituto Superiore per la Protezione e la Ricerca Ambientale', 'Istituto Superiore per la Protezione e la Ricerca Ambientale', 'University of Padua', 'Sapienza University of Rome', 'Università degli Studi della Tuscia', 'Istituto Superiore per la Protezione e la Ricerca Ambientale']","[{'item': 42966655}, {'item': 11095664}, {'item': 11593914}, {'item': 28355452}, {'item': 50956168}, {'item': 8791409}, {'item': 49992803}, {'item': 59703306}, {'item': 87898920}, {'item': 3666733}, {'item': 2918561}, {'item': 34684126}, {'item': 76417463}, {'item': 13870854}, {'item': 12781870}, {'item': 50873817}, {'item': 5210141}, {'item': 40023759}, {'item': 66575940}, {'item': 36416958}, {'item': 29075423}, {'item': 91957782}, {'item': 58382263}, {'item': 80518158}, {'item': 66214562}, {'item': 41322877}, {'item': 30552809}]",Metropolitan area,Geography,Environmental planning,"[{'display_name': 'Sustainable cities and communities', 'score': 0.55, 'id': 'https://metadata.un.org/sdg/11'}]",Missing,Missing,Missing,Missing,Missing,Missing,Missing,"{'value': 2000, 'currency': 'CHF', 'value_usd': 2165, 'provenance': 'doaj'}",Missing,-3.1188920187733395
3035744,2024,book-chapter,0,4,"['Arti Saxena', 'Rajeev Kumar', 'Vijay Kumar', 'Jyoti Chawla']","['Manav Rachna International Institute of Research and Studies', 'Manav Rachna International Institute of Research and Studies', 'Manav Rachna International Institute of Research and Studies', 'Manav Rachna International Institute of Research and Studies']","[{'item': 28943552}, {'item': 67535499}, {'item': 6310884}, {'item': 52850208}, {'item': 82870083}, {'item': 90268492}, {'item': 52161912}, {'item': 6833759}, {'item': 79863415}, {'item': 18707321}, {'item': 41413132}, {'item': 12706358}, {'item': 6946367}, {'item': 21224764}, {'item': 53794344}, {'item': 83459938}, {'item': 46781934}, {'item': 8463614}, {'item': 92283045}, {'item': 53798239}, {'item': 58010815}, {'item': 29633840}, {'item': 96459240}, {'item': 40502333}, {'item': 24228602}, {'item': 52048839}, {'item': 90998016}, {'item': 87416756}, {'item': 18560968}, {'item': 58409109}, {'item': 87314646}, {'item': 39825448}, {'item': 42079399}, {'item': 57805429}, {'item': 722691}, {'item': 89891894}, {'item': 27571189}, {'item': 90073169}, {'item': 63689140}, {'item': 2177911}, {'item': 1861380}, {'item': 97158641}, {'item': 91922428}, {'item': 358315}, {'item': 47982523}]",Prosperity,Sustainable development,Artificial intelligence,[],Missing,Missing,Missing,Missing,Missing,Missing,Missing,,Missing,-2.066705826979781
12983836,2024,book-chapter,0,1,['Huadong Guo'],[],"[{'item': 35907886}, {'item': 30681485}, {'item': 23263835}, {'item': 42146144}, {'item': 37067028}, {'item': 67782871}, {'item': 98225508}, {'item': 73073843}, {'item': 16728673}, {'item': 65979017}, {'item': 37840971}, {'item': 38107111}, {'item': 22580735}, {'item': 74917279}, {'item': 26630164}, {'item': 27367596}, {'item': 90593817}, {'item': 74218649}, {'item': 34110843}, {'item': 10223323}, {'item': 94670749}, {'item': 36430088}, {'item': 27221029}, {'item': 33053486}, {'item': 77301081}, {'item': 37122541}, {'item': 24298837}, {'item': 24399066}, {'item': 93855302}, {'item': 9777596}, {'item': 53352730}, {'item': 39109754}, {'item': 79159787}, {'item': 51434254}, {'item': 26617215}, {'item': 28053911}, {'item': 51336687}, {'item': 52885546}, {'item': 75386036}, {'item': 85303641}, {'item': 72150602}, {'item': 26168276}, {'item': 12483165}, {'item': 58095181}]",Geology,,,[],Missing,Missing,Missing,Missing,Missing,Missing,Missing,,Missing,-2.1126848634291786
35079954,2024,article,0,6,"['Marjo Vierros', 'Gemma Nelson', 'Mariana Caldeira', 'Andrei Polejack', 'Júlia Schütz Veiga', 'Alumita Talei Sekinairai']","['Great Britain Sasakawa Foundation', 'University of Edinburgh', 'University of Edinburgh', 'Great Britain Sasakawa Foundation', 'University of Edinburgh', 'Great Britain Sasakawa Foundation', 'Universidade Nova de Lisboa', 'University of Lisbon', 'Great Britain Sasakawa Foundation', 'University of Edinburgh']","[{'item': 98187088}, {'item': 97905156}, {'item': 22521375}, {'item': 9778755}, {'item': 17919976}, {'item': 18190953}, {'item': 34659894}, {'item': 8424132}, {'item': 10094996}, {'item': 88227416}, {'item': 68853197}, {'item': 11031735}, {'item': 95441185}, {'item': 91905591}, {'item': 89947607}, {'item': 7021593}, {'item': 43130330}]",Plastic pollution,Momentum (technical analysis),Pollution,"[{'display_name': 'Life below water', 'score': 0.6, 'id': 'https://metadata.un.org/sdg/14'}]",Missing,Missing,Missing,Missing,Missing,Missing,Missing,,Missing,-2.4804697379026406
55490966,2024,article,0,6,"['Ahmad Marzuqi', 'Rezzy Eko Caraka', 'Prana Ugiana Gio', 'Rung-Ching Chen', 'Maengseok Noh', 'Bens Pardamean']","['University of Indonesia', 'National Research and Innovation Agency', 'Telkom University', 'Chaoyang University of Technology', 'University of Indonesia', 'Ulsan National Institute of Science and Technology', 'University of North Sumatra', 'Chaoyang University of Technology', 'Pukyong National University', 'Binus University']","[{'item': 34979720}, {'item': 88080494}, {'item': 60434939}, {'item': 87686828}, {'item': 63304625}, {'item': 83460127}, {'item': 81758727}, {'item': 7373520}, {'item': 96348954}, {'item': 87082762}, {'item': 15015627}, {'item': 41668484}, {'item': 98249740}, {'item': 85821134}, {'item': 70940763}, {'item': 70450407}, {'item': 47292748}, {'item': 96994715}, {'item': 62904113}, {'item': 29291086}, {'item': 13668056}, {'item': 38216937}, {'item': 26670209}, {'item': 16171116}, {'item': 31594344}, {'item': 20931201}, {'item': 76683749}, {'item': 55142279}, {'item': 81827375}, {'item': 6274481}, {'item': 10054881}]",Christian ministry,Fishery,Fisheries science,"[{'display_name': 'Life below water', 'score': 0.77, 'id': 'https://metadata.un.org/sdg/14'}]",Missing,Missing,Missing,Missing,Missing,Missing,Missing,,Missing,-2.8326903314919925
55394933,2024,article,0,5,"['Natália Viana Diniz', 'Darliane Ribeiro Cunha', 'Marcelo de Santana Porte', 'Newton Narciso Pereira', 'Clóvis Bôsco Mendonça Oliveira']",[],"[{'item': 61331428}, {'item': 1916628}, {'item': 91572402}, {'item': 8493387}, {'item': 12824937}, {'item': 33851734}, {'item': 35748792}, {'item': 81467094}, {'item': 65502791}, {'item': 76982137}, {'item': 46849728}, {'item': 49273187}, {'item': 55180028}, {'item': 54178516}, {'item': 45688165}, {'item': 88251307}, {'item': 14713145}, {'item': 97006092}, {'item': 8395234}, {'item': 71045075}, {'item': 16772570}, {'item': 44417365}, {'item': 97261480}, {'item': 567279}]",Sustainable development,Business,Environmental planning,[],Missing,Missing,Missing,Missing,Missing,Missing,Missing,,Missing,-2.7154012449688927
29795432,2024,book-chapter,0,1,['Huadong Guo'],[],"[{'item': 13256819}, {'item': 69559534}, {'item': 68323251}, {'item': 82493670}, {'item': 88301200}, {'item': 5996041}, {'item': 56822439}, {'item': 9846470}, {'item': 66428684}, {'item': 32596499}, {'item': 45195077}, {'item': 76720346}, {'item': 62508037}, {'item': 4509584}, {'item': 92663720}, {'item': 36822249}, {'item': 16056288}, {'item': 45697243}, {'item': 83147124}, {'item': 44173489}, {'item': 95464214}]",Computer science,,,[],Missing,Missing,Missing,Missing,Missing,Missing,Missing,,Missing,-3.6436205477083212
51416443,2024,article,0,1,['Andreas Pramudianto'],[],"[{'item': 83336250}, {'item': 98187088}, {'item': 36807251}, {'item': 2099582}, {'item': 30774027}, {'item': 35722723}, {'item': 74439018}, {'item': 81255985}, {'item': 17919976}, {'item': 18190953}, {'item': 299639}, {'item': 80838110}, {'item': 95912751}, {'item': 19294073}, {'item': 10094996}, {'item': 42801965}, {'item': 21992411}, {'item': 96059647}, {'item': 60275141}, {'item': 82426067}, {'item': 73300695}, {'item': 85825223}, {'item': 15359682}, {'item': 52028454}, {'item': 7762735}, {'item': 2080422}, {'item': 68580595}, {'item': 45095056}, {'item': 65238643}, {'item': 7088871}, {'item': 63582164}, {'item': 87902952}, {'item': 19510430}, {'item': 58203703}, {'item': 22356070}]",Sustainable development,Business,Plastic waste,[],Missing,Missing,Missing,Missing,Missing,Missing,Missing,,Missing,-1.7266979355262604
81448794,2024,article,0,5,"['Randolfo Rocha Azevedo', 'Darliane Ribeiro Cunha', 'Clóvis Bôsco Mendonça Oliveira', 'Newton Narciso Pereira', 'Shigeaki L. de Lima']",[],"[{'item': 63087005}, {'item': 93506255}, {'item': 55404208}, {'item': 61627498}, {'item': 86878689}, {'item': 68577684}, {'item': 22659023}, {'item': 68943238}, {'item': 65502791}, {'item': 30172764}, {'item': 88227416}, {'item': 49089446}, {'item': 64877545}, {'item': 16772570}, {'item': 32665526}, {'item': 72933941}, {'item': 44417365}, {'item': 79400506}, {'item': 1475860}, {'item': 72030741}, {'item': 1308626}, {'item': 95817843}]",Political science,Computer science,,[],Missing,Missing,Missing,Missing,Missing,Missing,Missing,,Missing,-2.2399775482538176
30318161,2024,preprint,0,1,['Maria Francisca da Rocha Costa'],[],"[{'item': 48434229}, {'item': 36945963}, {'item': 66665795}, {'item': 81619701}, {'item': 91330056}, {'item': 44477199}, {'item': 18807448}, {'item': 84264738}, {'item': 61544814}, {'item': 76786123}, {'item': 12738255}, {'item': 78946852}, {'item': 96969515}, {'item': 72131609}, {'item': 13109752}, {'item': 12171807}, {'item': 58599713}, {'item': 66057098}, {'item': 23150544}, {'item': 54111291}, {'item': 37245316}, {'item': 12667975}, {'item': 89371786}, {'item': 35204060}, {'item': 78639359}, {'item': 11726779}, {'item': 6382260}, {'item': 80342847}, {'item': 76848185}, {'item': 86174955}, {'item': 19449527}, {'item': 1011116}, {'item': 15069207}, {'item': 14881892}, {'item': 73695918}, {'item': 85506215}, {'item': 32255938}, {'item': 34869054}, {'item': 94117337}, {'item': 74962316}, {'item': 92215905}, {'item': 48948818}]",Business,Resource (disambiguation),Environmental economics,[],Missing,Missing,Missing,Missing,Missing,Missing,Missing,,Missing,-2.207940961407688
95420118,2024,book-chapter,0,3,"['Asif Javed', 'Iram Gul', 'Wajiha Rizwan']",[],"[{'item': 9174557}, {'item': 56193934}, {'item': 73806224}, {'item': 9346549}, {'item': 98187088}, {'item': 96162879}, {'item': 94837022}, {'item': 3045019}, {'item': 64670142}, {'item': 88516790}, {'item': 55288478}, {'item': 22527858}, {'item': 78360022}, {'item': 14764815}, {'item': 65907258}, {'item': 35495529}, {'item': 43549573}, {'item': 90905842}, {'item': 49608020}, {'item': 72871243}, {'item': 83713443}, {'item': 69405056}, {'item': 99690463}, {'item': 32252096}, {'item': 55832684}, {'item': 82161799}, {'item': 97416936}, {'item': 90791148}, {'item': 59119555}, {'item': 21426463}, {'item': 8790397}]",Ecosystem,Environmental science,Environmental resource management,"[{'display_name': 'Life on land', 'score': 0.48, 'id': 'https://metadata.un.org/sdg/15'}]",Missing,Missing,Missing,Missing,Missing,Missing,Missing,,Missing,-2.8326903314919925
68974006,2024,book-chapter,0,2,"['Bhupinder Singh', 'Christian Kaunert']",[],"[{'item': 21443156}, {'item': 83741986}, {'item': 453758}, {'item': 96184946}, {'item': 60871412}, {'item': 85006341}, {'item': 22571424}, {'item': 79842775}, {'item': 12000724}, {'item': 94708535}, {'item': 24860980}, {'item': 30362169}, {'item': 32612031}, {'item': 34229646}, {'item': 68125742}, {'item': 50892581}, {'item': 76563060}, {'item': 50692854}, {'item': 74379450}, {'item': 34341051}, {'item': 35538306}, {'item': 68013800}, {'item': 71234491}, {'item': 60001145}, {'item': 80082465}, {'item': 87149604}, {'item': 20412934}, {'item': 54394415}, {'item': 67137878}, {'item': 36546856}, {'item': 54812817}, {'item': 52627076}, {'item': 44883197}, {'item': 31984868}, {'item': 46425439}, {'item': 79494696}, {'item': 4280780}, {'item': 80066448}, {'item': 70310800}, {'item': 98659339}, {'item': 30855512}, {'item': 52773186}, {'item': 66892179}, {'item': 85022132}, {'item': 74060772}, {'item': 75704747}, {'item': 55474607}, {'item': 88149381}, {'item': 5341647}, {'item': 11107833}, {'item': 9109452}, {'item': 72164770}]",Sustainability,Lens (geology),Space (punctuation),[],Missing,Missing,Missing,Missing,Missing,Missing,Missing,,Missing,-1.021128234967758
58820748,2024,book-chapter,0,7,"['Ana Flávia Barros-Platiau', 'Carina Costa de Oliveira', 'Carlos Henrique Tomé', 'Rafael Schleicher', 'Catherine Tinker', 'Leandra Regina Gonçalves', 'Fábio Henrique Granja e Barros']",[],"[{'item': 60064749}, {'item': 30749762}, {'item': 73165032}, {'item': 22342653}, {'item': 64452131}, {'item': 1078202}, {'item': 43345638}, {'item': 26719899}, {'item': 7506817}, {'item': 56354020}, {'item': 48285098}]",Zoology,Biology,,[],Missing,Missing,Missing,Missing,Missing,Missing,Missing,,Missing,-5.029914908828212
95998921,2024,book-chapter,0,5,"['Bhupinder Singh', 'Christian Kaunert', 'R. Gautam', 'Kamalesh Ravesangar', 'Kittisak Jermsittiparsert']","['Sharda University', 'Dublin City University', 'Sharda University', 'Tunku Abdul Rahman University of Management and Technology', 'Shinawatra University']","[{'item': 65159386}, {'item': 48809267}, {'item': 68580595}, {'item': 89443620}, {'item': 61761041}, {'item': 84616029}, {'item': 90103176}, {'item': 47985706}, {'item': 3860915}, {'item': 19478526}, {'item': 43611910}, {'item': 38155103}, {'item': 91807512}, {'item': 13691805}, {'item': 72624800}, {'item': 52301342}, {'item': 50892581}, {'item': 76563060}, {'item': 92127236}, {'item': 42417335}, {'item': 5073425}, {'item': 10001740}, {'item': 73878240}, {'item': 77043265}, {'item': 15216250}, {'item': 59256636}, {'item': 87808914}, {'item': 11978423}, {'item': 28828178}, {'item': 92326987}, {'item': 34289345}, {'item': 11107833}, {'item': 48172055}, {'item': 85698972}, {'item': 96338458}, {'item': 62383154}, {'item': 34526735}, {'item': 50129772}, {'item': 94440744}, {'item': 37458088}, {'item': 74897468}, {'item': 53333312}, {'item': 95174549}, {'item': 36740107}, {'item': 58303552}, {'item': 4189081}, {'item': 73160355}, {'item': 13939154}, {'item': 53632121}, {'item': 52450901}, {'item': 98778320}, {'item': 99402109}, {'item': 1325096}, {'item': 47777051}, {'item': 75838941}, {'item': 55085290}, {'item': 18125277}, {'item': 5470585}]",Corporate governance,Business,Plastic pollution,[],Missing,Missing,Missing,Missing,Missing,Missing,Missing,,Missing,-0.9639698211278094
